Year,Sex,Country/Region/World,ISO,Prevalence of BMI<18.5 kg/m² (underweight),Prevalence of BMI<18.5 kg/m² (underweight) lower 95% uncertainty interval,Prevalence of BMI<18.5 kg/m² (underweight) upper 95% uncertainty interval,Prevalence of BMI>=30 kg/m² (obesity),Prevalence of BMI>=30 kg/m² (obesity) lower 95% uncertainty interval,Prevalence of BMI>=30 kg/m² (obesity) upper 95% uncertainty interval,Combined prevalence of BMI<18.5 kg/m² and BMI>=30 kg/m² (double burden of underweight and obesity),Combined prevalence of BMI<18.5 kg/m² and BMI>=30 kg/m² (double burden of underweight and obesity) lower 95% uncertainty interval,Combined prevalence of BMI<18.5 kg/m² and BMI>=30 kg/m² (double burden of underweight and obesity) upper 95% uncertainty interval,Proportion of double burden from obesity,Proportion of double burden from obesity lower 95% uncertainty interval,Proportion of double burden from obesity upper 95% uncertainty interval,Prevalence of BMI 18.5 kg/m² to <20 kg/m²,Prevalence of BMI 18.5 kg/m² to <20 kg/m² lower 95% uncertainty interval,Prevalence of BMI 18.5 kg/m² to <20 kg/m² upper 95% uncertainty interval,Prevalence of BMI 20 kg/m² to <25 kg/m²,Prevalence of BMI 20 kg/m² to <25 kg/m² lower 95% uncertainty interval,Prevalence of BMI 20 kg/m² to <25 kg/m² upper 95% uncertainty interval,Prevalence of BMI 25 kg/m² to <30 kg/m²,Prevalence of BMI 25 kg/m² to <30 kg/m² lower 95% uncertainty interval,Prevalence of BMI 25 kg/m² to <30 kg/m² upper 95% uncertainty interval,Prevalence of BMI 30 kg/m² to <35 kg/m²,Prevalence of BMI 30 kg/m² to <35 kg/m² lower 95% uncertainty interval,Prevalence of BMI 30 kg/m² to <35 kg/m² upper 95% uncertainty interval,Prevalence of BMI 35 kg/m² to <40 kg/m²,Prevalence of BMI 35 kg/m² to <40 kg/m² lower 95% uncertainty interval,Prevalence of BMI 35 kg/m² to <40 kg/m² upper 95% uncertainty interval,Prevalence of BMI >=40 kg/m² (morbid obesity),Prevalence of BMI >=40 kg/m² (morbid obesity) lower 95% uncertainty interval,Prevalence of BMI >=40 kg/m² (morbid obesity) upper 95% uncertainty interval
1990,Women,United States of America,USA,0.03236712976,0.02693141564,0.03797375254,0.2117120213,0.1979161698,0.2259702143,0.244079151,0.2292712599,0.2586374685,0.8540663508,0.8310938527,0.8759030008,0.07825363071,0.07052004503,0.0863368543,0.4215665055,0.4052990545,0.4384146919,0.2561007108,0.2414473778,0.2707488538,0.1279636115,0.1161526269,0.1402848429,0.05393954002,0.04721588548,0.06129473809,0.02980886971,0.02478081099,0.03545426014
1991,Women,United States of America,USA,0.03089086112,0.02581232194,0.03614501443,0.2198317403,0.206085643,0.2338124302,0.2507226015,0.2366110241,0.2649856853,0.864131854,0.8431469625,0.8845673962,0.07578979265,0.06844556888,0.08344026691,0.4152683022,0.3996847381,0.4315585076,0.2582193017,0.2439306251,0.2727276062,0.1317278619,0.1202230915,0.1438668112,0.05654062552,0.04979299694,0.06395048614,0.03156325289,0.0264512335,0.03719166474
1992,Women,United States of America,USA,0.02952967827,0.02478858326,0.03440073555,0.2280227252,0.2147276413,0.2416975523,0.2575524035,0.2436797907,0.2716920907,0.8733631034,0.8538558967,0.8922366822,0.07341933002,0.06629586202,0.08079034961,0.4087669077,0.3937504239,0.4245789717,0.2602613568,0.2463125623,0.2743764046,0.1354258838,0.124176654,0.1473393492,0.05914492902,0.05239087432,0.06647035309,0.03345191237,0.02822626951,0.03921218954
1993,Women,United States of America,USA,0.0283092451,0.02380222459,0.03308964247,0.2363111755,0.2230919757,0.2498408047,0.2646204206,0.2510684405,0.2788555714,0.881714501,0.8636666639,0.8994964466,0.07116824285,0.0644225706,0.07823733669,0.4020395886,0.3874930598,0.417360199,0.262171746,0.2488213426,0.2758860215,0.1390573229,0.1280721745,0.1506685417,0.06175680566,0.05508057693,0.06916056642,0.03549704696,0.03013775786,0.04137406335
1994,Women,United States of America,USA,0.02724096577,0.02302820898,0.03172207674,0.2447149221,0.2317404273,0.2578216772,0.2719558878,0.2587087042,0.2856787767,0.889189573,0.8722610738,0.9053752446,0.06903496925,0.06273695789,0.07572599635,0.3950667661,0.3807863889,0.4099710588,0.2639423749,0.2507424378,0.2770947642,0.1426118235,0.1317051277,0.1540110019,0.06438638667,0.05766385716,0.0717538522,0.0377167119,0.03237624707,0.04364290652
1995,Women,United States of America,USA,0.02631918444,0.02230950507,0.03059378534,0.2532316821,0.2404552016,0.2661607881,0.2795508665,0.2667124532,0.2929694605,0.8958435441,0.88021128,0.9109935479,0.06701877242,0.06096337159,0.07342550281,0.3878718432,0.373952399,0.4022074905,0.2655585159,0.2524510889,0.2788191395,0.1460696285,0.1353808292,0.1574096677,0.06704060866,0.06047706594,0.07445086445,0.04012144489,0.03468592092,0.04621487916
1996,Women,United States of America,USA,0.02554111807,0.02168873721,0.02966314679,0.2619100908,0.2493116965,0.2745497008,0.2874512088,0.2748190167,0.3006062071,0.9017442197,0.8869895098,0.9156184927,0.0650934433,0.05930483046,0.07118420837,0.3804274982,0.3667607374,0.3941212598,0.2670278477,0.2542564105,0.2796609511,0.149431649,0.1388340597,0.1606475248,0.06974242325,0.06306669287,0.07712519507,0.04273601851,0.03724407692,0.04885064977
1997,Women,United States of America,USA,0.02490567915,0.02122697168,0.02885342449,0.2707749831,0.2583366481,0.2833433538,0.2956806622,0.2829506939,0.3086590884,0.9069388707,0.8932581796,0.920054694,0.06322744851,0.05764279155,0.0689601683,0.3727362257,0.359379124,0.3858427422,0.2683556616,0.2562484403,0.2806540513,0.1527245603,0.1421525357,0.1637721241,0.07250800614,0.06578975963,0.07990222211,0.04554241663,0.0398949884,0.05176161252
1998,Women,United States of America,USA,0.02440593498,0.02081168222,0.02824650523,0.2797073366,0.2672043458,0.2923188801,0.3041132716,0.29147093,0.3170240629,0.9114500156,0.8986231512,0.9236400429,0.0614302938,0.056071969,0.06704913133,0.3649616256,0.351795847,0.3777396049,0.269494807,0.2575054459,0.2816902391,0.1559152877,0.14546474,0.1667847177,0.07527695672,0.06844902918,0.08269825365,0.04851509218,0.04254336384,0.05500831722
1999,Women,United States of America,USA,0.02402393724,0.02056968216,0.02777448,0.2886341833,0.2759471159,0.301269448,0.3126581205,0.3001667719,0.3256451878,0.9153542214,0.9031597636,0.9267952037,0.05971518002,0.05467480577,0.0651149384,0.3572015608,0.344389011,0.3696365393,0.2704251367,0.2585804159,0.2823363108,0.1589780852,0.1485575056,0.1699704687,0.07801034685,0.07100708301,0.0853307353,0.05164575127,0.04545185627,0.0583166664
2000,Women,United States of America,USA,0.02373793629,0.0203068833,0.02739348694,0.2974746398,0.2848067658,0.3101959428,0.3212125761,0.308577929,0.3340970499,0.9187383114,0.907072522,0.9297048978,0.05808922201,0.05314300569,0.06342305094,0.3495542148,0.3371564839,0.3619686635,0.2711439851,0.2592842873,0.2828734454,0.1618711001,0.1515112048,0.1725471082,0.08069279654,0.07360975135,0.08799207111,0.05491074318,0.04854517547,0.06185573437
2001,Women,United States of America,USA,0.02352328485,0.02018226642,0.02705729742,0.3061559065,0.2937370271,0.318689864,0.3296791913,0.3170985668,0.3425069002,0.9216946984,0.9107450446,0.9321520162,0.05655896084,0.05179157448,0.0617695022,0.3421046401,0.3299589043,0.3544410537,0.2716572057,0.2600375532,0.2831700389,0.1646029807,0.1543455797,0.1751486425,0.08329647628,0.0762421269,0.09072803854,0.05825644949,0.05155274629,0.06559643143
2002,Women,United States of America,USA,0.02335311789,0.02009965018,0.02683463848,0.3145843637,0.302026231,0.3272917172,0.3379374816,0.3254201146,0.3508083267,0.924312479,0.9135057875,0.9343385652,0.05510311515,0.05048631381,0.06017329103,0.3349832912,0.3230426878,0.346998816,0.27197611,0.2606587712,0.2832377069,0.1671423594,0.156906454,0.1774051627,0.085805581,0.07863429245,0.09326580247,0.06163642335,0.05459609365,0.06931388289
2003,Women,United States of America,USA,0.02320748941,0.02002398262,0.02667907914,0.3227748725,0.3103332218,0.3352485189,0.3459823619,0.3334853911,0.358768681,0.9266797442,0.9162307897,0.936377177,0.0537121507,0.04926387523,0.05861870575,0.3282272197,0.3165409006,0.340035252,0.2720782656,0.2605487965,0.283302398,0.1695207277,0.159206177,0.1798676818,0.08822858524,0.08102402993,0.09586800821,0.06502555957,0.05773777036,0.07293021099
2004,Women,United States of America,USA,0.02307776049,0.0199722466,0.02651861323,0.3306815019,0.318230868,0.3429818823,0.3537592623,0.3414523541,0.3663752204,0.9288314663,0.9188439557,0.938062567,0.05237756708,0.04798393259,0.05711029164,0.3218171848,0.3103905594,0.333579329,0.2720459838,0.2609142321,0.2831590069,0.1717240012,0.1616153967,0.1818865979,0.09056163092,0.0831539107,0.09829136054,0.0683958697,0.06094717111,0.07666107015
2005,Women,United States of America,USA,0.02296168477,0.01988685563,0.02631961432,0.3383327127,0.3261118472,0.3504169977,0.3612943975,0.3490212405,0.3737804086,0.9307994026,0.9211248718,0.9397099739,0.05106802976,0.04677302328,0.05573678144,0.3157361232,0.3044959525,0.3271139787,0.2719014476,0.2607549068,0.2829333795,0.1737923641,0.1637665875,0.1839020919,0.09280793278,0.08535103768,0.1006630042,0.07173241584,0.06403061762,0.08025793884
2006,Women,United States of America,USA,0.0228569396,0.01984498356,0.02618595672,0.3457363309,0.3334866946,0.3579399129,0.3685932705,0.3564126922,0.3810807408,0.932606404,0.9231552613,0.9411762252,0.04977589995,0.04559204013,0.0543386259,0.3099335992,0.2986631096,0.3209867866,0.2716972284,0.260574128,0.2828493965,0.1757392974,0.1656983523,0.1858666087,0.09497166653,0.08748373133,0.1026505349,0.07502536695,0.06718405802,0.08380179835
2007,Women,United States of America,USA,0.02275297036,0.01976636955,0.02598065303,0.3529376083,0.340650734,0.3652732349,0.3756905787,0.3634045907,0.3881557998,0.9343015355,0.9252180713,0.9426282251,0.04848547829,0.04431102811,0.05298587256,0.3043497821,0.293125902,0.3152504416,0.2714741589,0.2603715313,0.2825434509,0.1775731901,0.1673721905,0.187487,0.09706013007,0.08951650678,0.1047839268,0.07830428817,0.07028348798,0.08724419187
2008,Women,United States of America,USA,0.02265542422,0.01964506236,0.02583073396,0.3599114141,0.3472068809,0.3723292698,0.3825668384,0.3700657027,0.395169538,0.9358741446,0.9270234133,0.9441398099,0.04722437063,0.04313963825,0.05151118068,0.2989648041,0.2877717546,0.3097943483,0.2712439849,0.2602329765,0.2822481228,0.179297105,0.1689866027,0.1894533979,0.09906953836,0.09154812041,0.106773308,0.0815447708,0.07318379982,0.09059825963
2009,Women,United States of America,USA,0.02256666427,0.01952924778,0.02577614523,0.3666068022,0.3538990501,0.3793761486,0.3891734665,0.376419139,0.4020371664,0.9373189152,0.9285559901,0.9455183611,0.04601680473,0.04196138525,0.05033900243,0.2937932776,0.2825741136,0.3047369765,0.2710164492,0.2600998197,0.2822538804,0.1809007545,0.1706922451,0.1910821703,0.1010048693,0.09321411459,0.1088989139,0.08470117842,0.07606926271,0.09395036061
2010,Women,United States of America,USA,0.02247812557,0.01938247983,0.02582827628,0.3729463269,0.3601080606,0.3858903132,0.3954244524,0.3825440142,0.4085966288,0.938653704,0.9299114354,0.9467914856,0.04490747135,0.04092377052,0.04911435655,0.2888402146,0.2775070841,0.2998225631,0.2708278596,0.2599662627,0.2821380851,0.1823424206,0.1721880433,0.1925745671,0.102861865,0.0950071618,0.111120763,0.08774204129,0.07874436186,0.09738249499
2011,Women,United States of America,USA,0.0223771939,0.01921909135,0.025839131,0.3789569975,0.365898266,0.3921285324,0.4013341914,0.3882370195,0.4147670514,0.9399224081,0.9309632045,0.9480394863,0.04389006032,0.03988132486,0.04811602502,0.2840414708,0.272557216,0.2952482412,0.2707342755,0.259463434,0.2823068209,0.1836340668,0.1733694869,0.194007888,0.1046525806,0.09643323408,0.1130434447,0.09067035011,0.08129948561,0.1006816385
2012,Women,United States of America,USA,0.02226296484,0.01895865204,0.02581934586,0.3846857183,0.3712236056,0.398338697,0.4069486832,0.3934854643,0.4209596073,0.941140865,0.9322277733,0.9494124546,0.04296412091,0.0388383243,0.04720618946,0.2793302405,0.2675573225,0.2906828903,0.2707569534,0.2591595645,0.2825238991,0.1847870143,0.1743877649,0.1955060941,0.1064102936,0.09782133458,0.1150956527,0.0934884104,0.08370057925,0.1041408863
2013,Women,United States of America,USA,0.02213115924,0.0187678598,0.02582837287,0.3902524316,0.3759538312,0.4046949408,0.4123835909,0.3982782339,0.4268993548,0.9423414025,0.9331420439,0.9508454471,0.04212081868,0.03786099605,0.04644769382,0.2746155002,0.2625367874,0.2865013936,0.2708800883,0.2587409324,0.2832665279,0.1858266373,0.1747826246,0.1968100496,0.108188129,0.09921145036,0.1174434063,0.09623766531,0.08591173603,0.1075509174
2014,Women,United States of America,USA,0.02199022844,0.01847763903,0.02582128553,0.3957267437,0.3805572318,0.4110320687,0.4177169721,0.4028524872,0.4334389939,0.9435168991,0.9339501467,0.9522542165,0.04132244933,0.03690390216,0.04585683264,0.2698615971,0.2571588477,0.2823559952,0.2710989794,0.2584227142,0.2840397861,0.1867287568,0.1749539974,0.1984609717,0.110027815,0.1005415033,0.1198578339,0.0989701719,0.08800780782,0.1108632071
2015,Women,United States of America,USA,0.02184171228,0.01811966359,0.02594144238,0.4011468898,0.3846435691,0.4177206974,0.4229886021,0.4066387963,0.4398215522,0.9446708881,0.9345093273,0.9538021132,0.04054844955,0.03586279264,0.04543213672,0.2650649208,0.2512506899,0.2784622298,0.2713980256,0.2576292289,0.2852422158,0.1874952912,0.1750312661,0.2001988397,0.1119264685,0.1015729494,0.1228469857,0.1017251301,0.0898033491,0.1146014849
2016,Women,United States of America,USA,0.02168768109,0.01769095122,0.02612305993,0.4065527457,0.3889755834,0.4245242041,0.4282404267,0.4108168873,0.4465621225,0.9458050031,0.9350614317,0.9555730551,0.03979635021,0.03487097043,0.04499268048,0.2602162068,0.2455624581,0.274882686,0.2717470142,0.2566452264,0.2867953971,0.1881534707,0.17433641,0.2022252289,0.1138735122,0.1027123658,0.1259283114,0.1045257628,0.09131626361,0.1184059407
2017,Women,United States of America,USA,0.02152878327,0.01721181159,0.0264213939,0.4119122097,0.3919871627,0.4319027799,0.4334409929,0.4137925631,0.4540530558,0.9469141673,0.9352552395,0.9575895052,0.03906505022,0.03374106675,0.0447229404,0.255395943,0.2393400615,0.27138675,0.2720980118,0.255653643,0.2885270595,0.1886849824,0.1734877976,0.2042191915,0.1158315624,0.1033253782,0.1291161475,0.1073956649,0.09280321803,0.1230069085
2018,Women,United States of America,USA,0.02136915343,0.01659182976,0.02678416196,0.4171657086,0.3947046125,0.4398783308,0.4385348621,0.4164910265,0.461501765,0.9479825078,0.9351185049,0.9595667109,0.03836632953,0.0325332031,0.04461961477,0.2506686846,0.2325841732,0.2685207723,0.2724301218,0.2538501497,0.2910203686,0.189094757,0.1717418568,0.2069250769,0.1177666839,0.1035906871,0.132903088,0.1103042677,0.09373451479,0.1280373805
2019,Women,United States of America,USA,0.02121814955,0.01599922273,0.02722904109,0.4223757347,0.3972725016,0.4484069609,0.4435938842,0.4185855538,0.4697039488,0.9489987057,0.9346761252,0.9614463555,0.03768548969,0.0312557156,0.04468771072,0.2460002327,0.225422504,0.2664789378,0.2727203914,0.2514962514,0.2937337885,0.189433836,0.1698751411,0.2100334095,0.1196982619,0.1036919182,0.1371477424,0.1132436367,0.0944068249,0.1339410954
2020,Women,United States of America,USA,0.02108083063,0.01529076395,0.02797504898,0.4276168216,0.3990306795,0.4572686147,0.4486976522,0.4201022,0.4786494213,0.9499623124,0.934221452,0.9636270611,0.03701906293,0.02986400386,0.04494038516,0.2413460071,0.2183865443,0.2645661139,0.2729372757,0.2485435973,0.297070661,0.189745314,0.1671126265,0.2133020142,0.1216321841,0.1031016846,0.1417832443,0.1162393235,0.09430045159,0.1399184117
2021,Women,United States of America,USA,0.02095359632,0.01446430179,0.02880981917,0.4328807412,0.4005541292,0.4664788402,0.4538343375,0.4213162702,0.4876800484,0.9508822468,0.9330263066,0.965759475,0.03636377211,0.02839417461,0.04530572281,0.2367291018,0.2106107174,0.263280908,0.2730727866,0.24550862,0.3002976537,0.1900230016,0.1640050002,0.217068001,0.123561818,0.1021466307,0.1467182746,0.1192959216,0.09438536852,0.1468229884
2022,Women,United States of America,USA,0.02083626642,0.01370298244,0.02977534647,0.4381599721,0.4010304143,0.4769096266,0.4589962385,0.4222023691,0.4979133025,0.9517589838,0.9320420702,0.9679514996,0.03572390765,0.02683462046,0.04567800147,0.2321239194,0.2026184869,0.2627705171,0.2731559324,0.2415949212,0.3044446671,0.1902789248,0.1607083095,0.22166902,0.1254838999,0.1014010957,0.1520465838,0.1223971474,0.09383431488,0.1536854423
1990,Men,United States of America,USA,0.01049570523,0.008119256469,0.01330270957,0.1688553478,0.1558491653,0.1819596456,0.179351053,0.1661061075,0.1927689802,0.9282961073,0.9113687757,0.9432736373,0.03314704175,0.02890714306,0.03761337303,0.3804829813,0.3639611721,0.3970088727,0.407018922,0.3907508037,0.423618248,0.1350504729,0.1227640568,0.1477850472,0.02598605535,0.02183469401,0.03055696553,0.007818819484,0.0058849006,0.01013228463
1991,Men,United States of America,USA,0.01024609142,0.007972943555,0.0129079405,0.1767168361,0.1638442353,0.1898171992,0.1869629275,0.1739160272,0.200311938,0.9330732804,0.9174017205,0.9467091119,0.03216538001,0.02813201448,0.03641261322,0.3715055291,0.3554846796,0.387336065,0.4093661614,0.3937053426,0.4256908674,0.1407236084,0.1284926852,0.1531470078,0.02753685884,0.02331513383,0.03224973614,0.008456368849,0.006408775706,0.0108819197
1992,Men,United States of America,USA,0.01004134898,0.00788651788,0.0126177489,0.1849578824,0.1720675327,0.1981997924,0.1949992314,0.1819565484,0.2082987216,0.9373634859,0.9226520147,0.9498684931,0.03125262319,0.02740130219,0.03525259047,0.3625066605,0.3469280949,0.3778303766,0.4112414829,0.3960678893,0.4268720699,0.146523173,0.1343655168,0.1589460059,0.02923068077,0.02491718476,0.03405092582,0.009204028687,0.007007906409,0.01179441304
1993,Men,United States of America,USA,0.009872853873,0.007791953223,0.01237001203,0.1936385627,0.1807925548,0.2069092136,0.2035114165,0.1905712763,0.2168190377,0.9412537533,0.9277226325,0.9528273567,0.03040758731,0.02667861367,0.03432592171,0.353509315,0.3378462052,0.3686209607,0.4125716791,0.3975656074,0.4282188436,0.1524055836,0.1401144295,0.1650222823,0.03114261788,0.02656967218,0.03622938463,0.01009036117,0.007739524289,0.01286933871
1994,Men,United States of America,USA,0.009737139017,0.00775593738,0.01217606774,0.2027791014,0.1897462246,0.2160008688,0.2125162404,0.1993552844,0.2260011098,0.944785928,0.9320348246,0.955547604,0.02962629769,0.02601116804,0.0334152319,0.3445368404,0.3293655974,0.3593735769,0.4133206195,0.3983549843,0.4287020989,0.1583340391,0.1461086357,0.1709339184,0.03330928927,0.02844478345,0.03867280408,0.01113577294,0.008626817598,0.01409728698
1995,Men,United States of America,USA,0.009620755631,0.007681155431,0.01203069823,0.2123244319,0.1990577178,0.2254054716,0.2219451876,0.2084864884,0.2352378413,0.9480283442,0.9361593028,0.9580320614,0.02889625707,0.02540325946,0.03262822695,0.3357201888,0.3210307735,0.3501213506,0.4134383646,0.3988012614,0.4288364426,0.1641958766,0.1518666784,0.1769385242,0.03576047385,0.03070047267,0.04127609398,0.0123680815,0.009644606008,0.01555976812
1996,Men,United States of America,USA,0.009521517146,0.007597346834,0.01183479072,0.2222939634,0.2090291856,0.2355835667,0.2318154806,0.2182421477,0.24517424,0.9510116437,0.9397607141,0.9604621904,0.02820655748,0.02490109233,0.0317882302,0.3270584609,0.3127737488,0.3412926039,0.4129194991,0.3986718987,0.4281816925,0.1699443025,0.1576875226,0.1825036407,0.03853798108,0.03331700777,0.04418480077,0.01381167985,0.01080699362,0.01725124481
1997,Men,United States of America,USA,0.009437296932,0.007532044022,0.01172906453,0.2325921728,0.219385996,0.2461831706,0.2420294697,0.2284969474,0.2556322714,0.9537404568,0.9433743308,0.9625573551,0.02756349219,0.0243714217,0.03106136925,0.3185597044,0.3047882464,0.3325450045,0.4118473317,0.3974377996,0.4268407379,0.1755243313,0.1631983299,0.1878411516,0.04160525492,0.03619326155,0.04752632828,0.01546258656,0.01222522823,0.01914232239
1998,Men,United States of America,USA,0.009364343062,0.007493024778,0.01157970271,0.2431021627,0.2298659485,0.2566885899,0.2524665058,0.2389926275,0.2660384324,0.9562287891,0.9463305132,0.9647177418,0.02695792075,0.02387530098,0.03036437536,0.3103205588,0.2970383892,0.3240682472,0.4102550126,0.396036592,0.4247890885,0.1808835969,0.168428847,0.1934513469,0.04492294578,0.03926022668,0.05111880563,0.01729562009,0.01372274758,0.02129830713
1999,Men,United States of America,USA,0.009301594232,0.007424718195,0.01147160984,0.2538574702,0.24059171,0.267571357,0.2631590644,0.2496723932,0.2769311469,0.9585088565,0.9492364388,0.9666551524,0.02637039547,0.02337950296,0.02964662704,0.3023218197,0.2892946004,0.3157993523,0.4081487184,0.3942227009,0.4226403822,0.1860552517,0.173863227,0.1989183181,0.0484764699,0.04257750819,0.05493639712,0.01932574857,0.01536145372,0.02367705517
2000,Men,United States of America,USA,0.00925109216,0.007405402219,0.01138402516,0.2648654678,0.2514478998,0.2785753618,0.2741165599,0.2606997958,0.2877092389,0.9605916274,0.9518190134,0.9681683397,0.02578534429,0.02289035784,0.02889281565,0.2945352013,0.2817550053,0.3078638723,0.4055628925,0.3916031343,0.4196851765,0.1910552158,0.1787906915,0.2037913281,0.05225893855,0.04602721392,0.05901734167,0.02155131339,0.01735430296,0.02633627404
2001,Men,United States of America,USA,0.009209524072,0.007366952039,0.01130237491,0.2759662826,0.2625141327,0.2895520007,0.2851758067,0.2717662316,0.2987366737,0.9624843757,0.954296762,0.9697014672,0.0251846631,0.0224276332,0.02814990977,0.2869753759,0.2744309693,0.2999856906,0.4026641523,0.388843975,0.4167903373,0.1958442106,0.183797848,0.2086753595,0.05616700394,0.04972787348,0.06332333712,0.02395506807,0.01937041148,0.02903439749
2002,Men,United States of America,USA,0.009175378146,0.007343914387,0.01122882628,0.2869793097,0.2737519347,0.3005791563,0.2961546879,0.282798392,0.3097083758,0.9641888991,0.9563192887,0.9711718129,0.02457241712,0.02191446037,0.02745703455,0.2797099607,0.2675280495,0.2923572528,0.3995629323,0.3860151638,0.4134058546,0.2003814276,0.1883971794,0.2130835428,0.06010407216,0.05330399677,0.06735939003,0.02649380996,0.02154577579,0.03190468686
2003,Men,United States of America,USA,0.00914607615,0.007352987604,0.01121387541,0.2977748405,0.2846835821,0.3112694779,0.3069209167,0.2936743859,0.3203085869,0.9657201804,0.9581739343,0.9722202269,0.02396055468,0.02137061425,0.02675593603,0.2727318304,0.2605541664,0.2850179482,0.3963866963,0.383304264,0.4098377893,0.2046171662,0.1928657403,0.2172117037,0.06403127233,0.05706426975,0.07147648567,0.02912640198,0.02377792671,0.03478342963
2004,Men,United States of America,USA,0.009115792357,0.007377577359,0.01114775636,0.3082214869,0.2950817207,0.3214754101,0.3173372792,0.304208205,0.3306991248,0.967103647,0.9599844052,0.9732368765,0.0233640406,0.02082597135,0.02606432068,0.2660813217,0.2539085307,0.2780073618,0.3932173565,0.3804712759,0.4064312394,0.208520283,0.1966719847,0.2207179693,0.06788979666,0.06083056962,0.07546403388,0.03181140723,0.02621215044,0.03781044565
2005,Men,United States of America,USA,0.009091077974,0.007346977861,0.0110723079,0.3181818528,0.3048301342,0.3312703607,0.3272729308,0.3140331357,0.3405899467,0.9683224302,0.9614165715,0.9742370234,0.02279341558,0.02036007038,0.02542232981,0.2597782251,0.2477304951,0.2714179382,0.3901554265,0.3775350371,0.4031613101,0.212091648,0.2005958459,0.2242549459,0.07158222579,0.06429944138,0.0792942644,0.03450797905,0.02864305172,0.04080694042
2006,Men,United States of America,USA,0.009077530645,0.007333727816,0.0110564038,0.3275676064,0.3140222171,0.3406942774,0.3366451371,0.32344357,0.3497151931,0.9693702777,0.9626900445,0.9750428079,0.02226082004,0.01988308141,0.02481030559,0.2538994603,0.2426069978,0.2650827752,0.3871945806,0.3748747403,0.3997291276,0.2153645055,0.2038891784,0.2273719757,0.07504073115,0.06755567492,0.08279937434,0.03716236975,0.03096894185,0.04373939186
2007,Men,United States of America,USA,0.009083812498,0.007340612719,0.01105690383,0.3362560397,0.3226391053,0.3494076224,0.3453398522,0.332034173,0.3584396146,0.9702274736,0.9638145,0.9758254756,0.02179456092,0.01948613295,0.02427821627,0.2485055735,0.2374729639,0.2596782584,0.3843600114,0.3721195835,0.3967089755,0.2183219281,0.2067165494,0.2299429799,0.07821783408,0.07062086365,0.08621880777,0.03971627752,0.03318572343,0.04667826722
2008,Men,United States of America,USA,0.00911634445,0.007358464172,0.01113843603,0.3441908716,0.3309036804,0.3573594524,0.3533072161,0.3399975832,0.3663458829,0.9708889143,0.9645658366,0.9764100433,0.02140377101,0.01910485654,0.02387553055,0.2436888161,0.2327324928,0.2546183113,0.3816001948,0.3693274013,0.3938168305,0.2210041349,0.2093970707,0.2326898728,0.08107296119,0.07324967173,0.08932456077,0.04211377556,0.03540942243,0.04945755153
2009,Men,United States of America,USA,0.009180409192,0.007394914301,0.01120401328,0.351249816,0.338470829,0.3641714998,0.3604302252,0.3474156602,0.3736120935,0.9713458107,0.9651119338,0.9768620583,0.02109688504,0.01878202091,0.02357257882,0.2395351928,0.2286363835,0.2504237561,0.3789376949,0.3666086134,0.3910332445,0.2233743188,0.2116562367,0.2351242028,0.08358985932,0.07562797716,0.09190865279,0.04428563793,0.03733938542,0.05177809166
2010,Men,United States of America,USA,0.009284299657,0.007493671763,0.01133361928,0.3574494834,0.3443618978,0.3706496337,0.3667337831,0.3534444108,0.3799873858,0.9715912422,0.9653091579,0.9770221139,0.02088154373,0.01855046486,0.02338038707,0.236085804,0.2251856176,0.2470020156,0.3762988672,0.3637976178,0.3883959766,0.2254484666,0.2138932807,0.2374400366,0.08579721988,0.07769104662,0.0944045413,0.04620379687,0.03918774324,0.05400546333
2011,Men,United States of America,USA,0.009429811981,0.007587497911,0.01151321838,0.3628945469,0.3496392112,0.3762893251,0.3723243589,0.3589215398,0.3857663748,0.9716426628,0.9653572202,0.9771771571,0.02074689118,0.0184333824,0.02327234026,0.2332100566,0.2222587954,0.2441036507,0.3737186913,0.3610645821,0.3861675731,0.2272770979,0.2156917252,0.2392327347,0.08776185352,0.07951287019,0.09637419475,0.04785559552,0.04061688342,0.05573705427
2012,Men,United States of America,USA,0.009620842834,0.007708140127,0.01179681552,0.3677844235,0.3543523302,0.381486516,0.3774052664,0.363744068,0.3911834608,0.971515715,0.9649810649,0.9771423306,0.02068685856,0.01832928191,0.02336723981,0.2307133552,0.2194906687,0.2421100788,0.3711945179,0.3580772848,0.3841483917,0.2290166918,0.217176347,0.2413656043,0.08955184739,0.08091784146,0.09847230502,0.04921588435,0.04198995292,0.05734163246
2013,Men,United States of America,USA,0.009856180652,0.007867027037,0.01215033405,0.3724734339,0.3584941054,0.3869266382,0.3823296146,0.3679604327,0.3968339885,0.9712504543,0.9646459749,0.9770848689,0.02069108866,0.01822685638,0.02350067094,0.2282940332,0.2165857947,0.2402303931,0.3686852615,0.3547692648,0.3822585353,0.2307566863,0.2180989928,0.2436501063,0.0913327222,0.08237730565,0.1006954412,0.05038402545,0.04285313222,0.05885619734
2014,Men,United States of America,USA,0.01012838689,0.007990943626,0.0126064384,0.3771409783,0.3621102545,0.3927406722,0.3872693652,0.3722034806,0.4026340362,0.9708880372,0.9638558287,0.977045336,0.02073728555,0.01815850252,0.02372455798,0.2258237355,0.2136097035,0.2384381861,0.3661696118,0.3517888929,0.3804631658,0.2325714586,0.2189654254,0.2459908299,0.09317932764,0.08373934154,0.1031179495,0.05139019206,0.04340427784,0.06028603106
2015,Men,United States of America,USA,0.0104294343,0.00810299856,0.01315616139,0.3818921649,0.3657287495,0.3984617198,0.3923215992,0.3759954023,0.4089354132,0.9704630868,0.963062902,0.976970144,0.02080992665,0.01801846318,0.02406038535,0.2232300544,0.2102363737,0.2365287626,0.3636384177,0.3485970539,0.3790564684,0.2344917765,0.2198502722,0.2491168905,0.0951480226,0.08513441611,0.1058543787,0.05225236584,0.04360905192,0.06201582055
2016,Men,United States of America,USA,0.01076067993,0.008210771716,0.01377421857,0.3867817998,0.3692915247,0.4048491745,0.3975424798,0.3797888277,0.4157791373,0.9699798709,0.9619377748,0.9770615651,0.02089977031,0.01788328061,0.02449319331,0.2204835176,0.206340839,0.2351223529,0.3610742303,0.3449233544,0.3776021301,0.2365623642,0.2205364288,0.2529614216,0.09722671033,0.08623417378,0.1089936195,0.05299272533,0.0435351957,0.06355174276
2017,Men,United States of America,USA,0.01113195207,0.00828051303,0.01448227572,0.3916966756,0.3721879427,0.4118661432,0.4028286277,0.3831408912,0.4227847191,0.9694062709,0.9604355312,0.9772388818,0.02099265184,0.01767836272,0.02498802569,0.217699492,0.2019333491,0.2337544802,0.3584792264,0.3404583357,0.3768959897,0.2386851396,0.2212164184,0.256922245,0.09937272864,0.08697457232,0.1124015813,0.05363880735,0.04307509022,0.06548296398
2018,Men,United States of America,USA,0.01154020867,0.008308654764,0.0154581694,0.3965707303,0.3742814484,0.4193049031,0.4081109389,0.3862420557,0.4305991135,0.968748565,0.9587408471,0.9774099912,0.02108514449,0.01736525189,0.02551204318,0.2149556031,0.1973259516,0.2326713509,0.3558483114,0.3356706533,0.3767240824,0.2408427988,0.2211981221,0.2611840366,0.1015112187,0.08737868477,0.1164798461,0.05421671275,0.04221036468,0.06796418898
2019,Men,United States of America,USA,0.01199274395,0.008299318256,0.01656040668,0.4013963854,0.3757484738,0.4268663375,0.4133891293,0.3880805611,0.4389261769,0.9679909388,0.9560511365,0.9778427469,0.02117039542,0.01700467935,0.02615833497,0.2122828593,0.1919292728,0.2324298474,0.353157614,0.3296952413,0.3767918413,0.2429852325,0.2203907454,0.2660601116,0.1036257297,0.08730734437,0.1211726094,0.05478542315,0.04089922579,0.0711124996
2020,Men,United States of America,USA,0.01249458829,0.008235573889,0.01785734093,0.4063291135,0.376304741,0.4360802857,0.4188237018,0.388872524,0.4486614736,0.9671389736,0.953341487,0.9783323146,0.02126701213,0.01656961052,0.02704578265,0.2095568092,0.1861917249,0.2329333186,0.3503524749,0.3231806098,0.3776818402,0.2451126434,0.2185547814,0.2719896933,0.1058232604,0.08658432587,0.1265950351,0.05539320966,0.03935475539,0.07473070958
2021,Men,United States of America,USA,0.01304123296,0.008078295029,0.01946708888,0.4113154587,0.3771148835,0.4462608959,0.4243566917,0.3900950429,0.4591410468,0.9662043878,0.9496521054,0.97894018,0.0213722465,0.01609952757,0.02793568861,0.206789054,0.1802295175,0.2339804357,0.3474820058,0.3164467338,0.3790962745,0.2472172663,0.2168172724,0.2785965246,0.1080788053,0.08554575622,0.1328785089,0.05601938709,0.03734963409,0.07902284975
2022,Men,United States of America,USA,0.01362798464,0.007894042175,0.02138667146,0.4163542491,0.3772247357,0.457016526,0.4299822337,0.390632558,0.4706858333,0.9652024977,0.9456139826,0.9797051197,0.02148285348,0.01548366788,0.02909659988,0.2040126839,0.1737551874,0.2353398384,0.3445222269,0.3088819683,0.3812370804,0.249283208,0.2149710513,0.2858730103,0.1103904667,0.08404684007,0.1398393359,0.05668057445,0.03546132209,0.08354228713